DA,cruise_pwr,cruise_KTAS,cruise_GPH,climb_KIAS,climb_KTAS,climb_GPH,climb_FPM,desc_KIAS,desc_KTAS,desc_GPH,desc_FPM,cruise_KTAS_lo,cruise_KTAS_hi,climb_FPM_lo,climb_FPM_hi
0,75.0,153.3,9.0,120.6,120.6,12.7,1338.3,137.0,137.0,6.0,-495.4,152.5,155.5,1131.1,1575.9
1000,75.0,154.7,9.0,120.3,122.1,12.3,1269.6,137.0,139.0,6.0,-495.4,153.8,156.8,1080.9,1484.0
2000,75.0,156.1,9.0,119.9,123.5,12.0,1201.9,137.0,141.1,6.1,-495.4,155.0,158.2,1028.8,1393.4
3000,75.0,157.5,9.0,119.5,125.0,11.7,1135.0,137.0,143.2,6.2,-495.4,155.6,159.6,978.8,1303.8
4000,73.5,157.6,8.8,119.2,126.5,11.4,1069.0,137.0,145.4,6.3,-495.4,155.5,160.1,930.5,1216.2
5000,71.7,157.6,8.7,118.8,128.0,11.1,1003.9,137.0,147.6,6.3,-495.4,155.5,160.0,881.2,1133.3
6000,70.1,157.5,8.5,118.4,129.5,10.8,939.6,137.0,149.9,6.4,-495.4,155.5,159.7,833.8,1042.4
7000,68.4,157.4,8.4,118.1,131.1,10.5,876.1,137.0,152.2,6.5,-495.4,155.4,159.4,789.2,957.8
8000,66.8,157.3,8.2,117.7,132.8,10.2,813.4,137.0,154.6,6.6,-495.4,155.3,159.2,742.9,881.4
9000,65.3,157.1,8.1,117.3,134.4,9.9,751.4,137.0,157.0,6.7,-495.4,155.1,159.0,697.5,797.4
10000,63.8,157.0,8.0,117.0,136.1,9.6,690.2,137.0,159.4,6.8,-495.4,155.1,158.7,644.5,727.9
11000,62.3,156.8,7.8,116.6,137.8,9.4,629.6,137.0,162.0,6.8,-495.4,155.0,158.4,589.3,658.3
12000,60.8,156.5,7.7,116.2,139.6,9.1,569.7,137.0,164.6,6.9,-495.4,154.8,158.0,516.8,597.1
13000,59.4,156.3,7.6,115.9,141.4,8.9,510.4,137.0,167.2,7.0,-495.4,154.4,157.6,435.7,544.3
14000,58.0,155.9,7.5,115.5,143.3,8.6,451.7,137.0,170.0,7.1,-495.4,154.0,157.3,353.4,500.5
15000,56.7,155.6,7.3,115.1,145.1,8.4,393.5,137.0,172.7,7.1,-552.5,153.5,156.9,271.7,457.9
16000,55.4,155.1,7.2,114.8,147.1,8.1,335.9,137.0,175.6,7.0,-644.6,152.6,156.4,183.5,418.5
17000,54.1,154.6,7.1,114.4,149.0,7.9,278.8,137.0,178.5,6.9,-736.6,151.7,155.9,104.5,380.0
18000,52.8,154.0,7.0,114.0,151.0,7.7,222.2,137.0,181.5,6.8,-828.6,150.8,155.4,25.1,340.2
19000,51.6,153.4,6.9,113.7,153.1,7.5,166.0,135.9,183.0,6.7,-864.2,149.4,154.9,0.0,301.7
20000,50.4,152.6,6.8,113.3,155.2,7.3,110.3,133.6,183.0,6.6,-846.7,147.8,154.3,0.0,265.1
21000,49.3,151.7,6.7,112.9,157.4,7.0,54.9,131.3,183.0,6.5,-830.8,146.3,153.6,0.0,229.7
22000,48.1,150.6,6.6,112.6,159.6,6.8,0.0,129.1,183.0,6.4,-816.4,144.7,152.9,0.0,192.9
23000,47.0,149.3,6.5,112.2,161.8,6.7,0.0,126.9,183.0,6.3,-803.6,142.9,152.2,0.0,155.9
